id,nombre,entidad_oferente,pais_entidad,pais_destino,ciudad,universidad,latitud,longitud,nivel,area_conocimiento,cobertura,monto_aproximado_y_moneda,idioma_requerido,nacionalidad_elegible,requisitos_clave,fecha_apertura,fecha_cierre,periodicidad,estado_convocatoria,fecha_consulta_estado,url_oficial,fuente_de_verificacion,fecha_ultima_verificacion,nivel_de_confianza,notas,tipo_financiacion,precision_ubicacion,fechas_sujetas_a_cambio,evidencia_elegibilidad_colombianos,ids_origen,pais_codigo,url_geocodificacion,fecha_geocodificacion,nota_geocodificacion
DAAD-COLFUTURO-2026,Convenio DAAD–COLFUTURO,DAAD / COLFUTURO,Alemania; Colombia,Alemania,No verificado,No verificado,51.1638175,10.4478313,maestría; doctorado,No verificado,manutención parcial; pasaje; seguro; curso de alemán,195 EUR/mes maestría; 485 EUR/mes doctorado,No verificado,Colombia,Postular al Crédito Beca COLFUTURO y marcar convenio DAAD,No verificado,2026-03-02,anual,cerrada,2026-09-30,https://www.daad.co/files/2026/02/DAAD_COLFUTURO_Convocatoria-2026-1.pdf,https://www.daad.co/files/2026/02/DAAD_COLFUTURO_Convocatoria-2026-1.pdf,2026-09-30,alto,Complemento del crédito-beca; condiciones propias.,crédito-beca,país,Sí,Fuente oficial dirigida a Colombia,DAAD-COLFUTURO-2026,DE,https://www.openstreetmap.org/relation/51477,2026-09-30,Punto representativo OSM; no implica sede exacta
DAAD-EPOS-2026,DAAD EPOS — Development-Related Postgraduate Courses,DAAD,Alemania,Alemania,No verificado,No verificado,51.1638175,10.4478313,maestría; doctorado,No verificado,manutención; pasaje; seguro; investigación,No verificado,No verificado,Colombia,Título previo; al menos dos años de experiencia; requisitos por curso,No verificado,No verificado,anual,recurrente,2026-09-30,https://www.daad.co/es/becas-2/becas-de-posgrado/maestria/,https://www.daad.co/es/becas-2/becas-de-posgrado/maestria/,2026-09-30,medio,Plazo individual según curso; confirmar en banco DAAD.,beca,país,Sí,Fuente oficial dirigida a Colombia,DAAD-EPOS-2026,DE,https://www.openstreetmap.org/relation/51477,2026-09-30,Punto representativo OSM; no implica sede exacta
DAAD-PPGG-2027,DAAD Helmut Schmidt / PPGG,DAAD,Alemania,Alemania,No verificado,No verificado,51.1638175,10.4478313,maestría,Política pública; buen gobierno,manutención; pasaje; seguro; curso de alemán,992 EUR/mes,No verificado,Colombia,Admisión a uno de siete másteres elegibles; requisitos del programa,No verificado,2026-07-31,anual,cerrada,2026-09-30,https://www.daad.co/es/becas/becas-de-posgrado/maestria-2/,https://www.daad.co/es/becas/becas-de-posgrado/maestria-2/,2026-09-30,alto,Cohorte 2027; guía DAAD Colombia. Revisar cada programa.,beca,país,Sí,DAAD Bogotá publica guía para postulantes de Colombia,DAAD-PPGG-2027,DE,https://www.openstreetmap.org/relation/51477,2026-09-30,Punto representativo OSM; no implica sede exacta
DAAD-HWK-2027,DAAD cursos de invierno de alemán (HWK),DAAD,Alemania,Alemania,No verificado,No verificado,51.1638175,10.4478313,idiomas; curso corto,Idioma alemán,curso; manutención; pasaje; seguro,No verificado,Alemán B1,Colombia,"Estudiar pregrado, maestría o doctorado en universidad colombiana; alemán B1",No verificado,2026-07-31,anual,cerrada,2026-09-30,https://www.daad.co/es/becas/becas-de-posgrado/maestria-2/,https://www.daad.co/es/becas/becas-de-posgrado/maestria-2/,2026-09-30,alto,Curso intensivo de cuatro semanas; ciudad e institución según asignación.,beca,país,Sí,DAAD menciona estudiantes de universidades en Colombia,DAAD-HWK-2027,DE,https://www.openstreetmap.org/relation/51477,2026-09-30,Punto representativo OSM; no implica sede exacta
DAAD-HSK-2027,DAAD cursos de verano de alemán (HSK),DAAD,Alemania,Alemania,No verificado,No verificado,51.1638175,10.4478313,idiomas; curso corto,Idioma alemán,curso; manutención; pasaje; seguro,No verificado,No verificado,Colombia,Estudiar pregrado o maestría en universidad colombiana; cumplir idioma de la convocatoria,No verificado,2026-10-30,anual,abierta,2026-09-30,https://www.daad.co/es/becas/becas-de-posgrado/maestria-2/,https://www.daad.co/es/becas/becas-de-posgrado/maestria-2/,2026-09-30,alto,Curso intensivo de cuatro semanas; ciudad e institución según asignación.,beca,país,Sí,DAAD menciona estudiantes de universidades en Colombia,DAAD-HSK-2027,DE,https://www.openstreetmap.org/relation/51477,2026-09-30,Punto representativo OSM; no implica sede exacta
DAAD-STEM-2027,DAAD maestrías STEM,DAAD,Alemania,Alemania,No verificado,No verificado,51.1638175,10.4478313,maestría,Ciencia; tecnología; ingeniería; matemáticas,manutención; pasaje; seguro; curso de alemán,992 EUR/mes,No verificado,Colombia,Título afín y admisión a maestría STEM elegible,No verificado,2026-09-03,anual,cerrada,2026-09-30,https://www.daad.co/es/becas/becas-de-posgrado/maestria-2/,https://www.daad.co/es/becas/becas-de-posgrado/maestria-2/,2026-09-30,alto,Cohorte 2027; cierre de la edición 2026 según DAAD Bogotá.,beca,país,Sí,DAAD Bogotá publica guía para postulantes de Colombia,DAAD-STEM-2027,DE,https://www.openstreetmap.org/relation/51477,2026-09-30,Punto representativo OSM; no implica sede exacta
MELBOURNE-HUMPHREY-2027,Gordon and Isabel Humphrey Scholarship,University of Melbourne,Australia,Australia,Melbourne,University of Melbourne,-37.8142454,144.9631732,doctorado,Ingeniería,manutención; traslado; seguro,41100 AUD/año (2027); hasta 140000 AUD,No verificado,Colombia,Oferta para PhD Engineering con inicio en 2027; declaración personal,2026-08-28,2026-10-25,anual,abierta,2026-09-30,https://scholarships.unimelb.edu.au/awards/gordon-and-isabel-humphrey-scholarship,https://scholarships.unimelb.edu.au/awards/gordon-and-isabel-humphrey-scholarship,2026-09-30,alto,La fuente no confirma exención de matrícula.,beca,ciudad,Sí,Universidad admite explícitamente estudiantes internacionales,MELBOURNE-HUMPHREY-2027,AU,https://www.openstreetmap.org/relation/4246124,2026-09-30,Punto representativo OSM; no implica sede exacta
MONASH-MGS-2027,Monash Graduate Scholarship,Monash University,Australia,Australia,No verificado,Monash University,-24.7761086,134.7550000,maestría; doctorado,Investigación; diferentes áreas,manutención; traslado sujeto a elegibilidad,41100 AUD/año (tarifa 2027),Inglés según admisión Monash,Colombia,Admisión a maestría de investigación o doctorado; selección competitiva,No verificado,2027-02-28,semestral,recurrente,2026-09-30,https://www.monash.edu/study/fees-scholarships/scholarships/find-a-scholarship/monash-graduate-scholarship-mgs?international=true,https://www.monash.edu/study/fees-scholarships/scholarships/find-a-scholarship/monash-graduate-scholarship-mgs?international=true,2026-09-30,alto,Ronda internacional siguiente: febrero 2027; otra ronda internacional cerró 31-08-2026. Matrícula requiere beca separada. El programa admite varios campus Monash; no se asigna Melbourne como sede única.,beca,país,Sí,Universidad admite explícitamente estudiantes internacionales,MONASH-MGS-2027,AU,https://www.openstreetmap.org/relation/80500,2026-09-30,Punto representativo OSM; no implica sede exacta
SYDNEY-RTP-2027-R34,RTP International — University of Sydney,Gobierno de Australia / University of Sydney,Australia,Australia,Sídney,University of Sydney,-33.8698439,151.2082848,maestría; doctorado,Investigación; diferentes áreas,matrícula; manutención; seguro; traslado,44293 AUD/año (tarifa 2027),No verificado,Colombia,Solicitar admisión a grado de investigación y formulario de beca; selección competitiva,No verificado,2026-12-18,semestral,abierta,2026-09-30,https://www.sydney.edu.au/scholarships/australian-government-research-training-program/rtp-international.html,https://www.sydney.edu.au/scholarships/australian-government-research-training-program/rtp-international.html,2026-09-30,alto,Ronda para períodos de investigación 3 y 4 de 2027; la ronda 1/2 cerró 11-09-2026.,beca,ciudad,Sí,Universidad admite explícitamente estudiantes internacionales,SYDNEY-RTP-2027-R34,AU,https://www.openstreetmap.org/relation/5750005,2026-09-30,Punto representativo OSM; no implica sede exacta
CGRS-D-2026,Canada Graduate Research Scholarship — Doctoral,CIHR / NSERC / SSHRC,Canadá,Canadá,No verificado,No verificado,61.0666922,-107.9917070,doctorado,Salud; ciencias; ingeniería; humanidades; ciencias sociales,manutención,40000 CAD/año por 36 meses,No verificado,Colombia,Estudiante internacional ya matriculado en doctorado canadiense elegible antes del cierre; cupo hasta 15 %,No verificado,No verificado,anual,recurrente,2026-09-30,https://nserc.canada.ca/en/funding-opportunity/canada-graduate-research-scholarship-doctoral-program,https://nserc.canada.ca/en/funding-opportunity/canada-graduate-research-scholarship-doctoral-program,2026-09-30,alto,Para internacionales el plazo lo determina la universidad y puede preceder al 17 de octubre de la agencia. No financia ingreso inicial desde Colombia.,beca,país,Sí,Regla oficial admite internacionales matriculados en PhD canadiense,CGRS-D-2026,CA,https://www.openstreetmap.org/relation/1428125,2026-09-30,Punto representativo OSM; no implica sede exacta
ELAP-2026,Emerging Leaders in the Americas Program (ELAP),Global Affairs Canada,Canadá,Canadá,No verificado,No verificado,61.0666922,-107.9917070,curso corto; intercambio,Diferentes áreas,manutención; movilidad; matrícula exenta por institución,8600 CAD/4 meses o 12400 CAD/5–6 meses,No verificado,Colombia,Ciudadanía colombiana; matrícula vigente en institución de origen; nominación por institución canadiense,No verificado,2026-03-31,anual,cerrada,2026-09-30,https://www.educanada.ca/scholarships-bourses/can/institutions/elap-pfla.aspx?lang=eng,https://www.educanada.ca/scholarships-bourses/can/institutions/elap-pfla.aspx?lang=eng,2026-09-30,alto,El cierre es para instituciones canadienses; no se aceptan solicitudes directas de estudiantes.,beca,país,Sí,EduCanada enumera Colombia entre países elegibles,ELAP-2026,CA,https://www.openstreetmap.org/relation/1428125,2026-09-30,Punto representativo OSM; no implica sede exacta
UBC-IS-2027,UBC International Scholars Program,University of British Columbia,Canadá,Canadá,No verificado,University of British Columbia,61.0666922,-107.9917070,pregrado,Diferentes áreas elegibles,apoyo según necesidad financiera,No verificado,Inglés según admisión UBC,Colombia,Primer pregrado; egreso escolar reciente; nominación; excelencia; necesidad financiera,2026-10-05,2026-11-15,anual,recurrente,2026-09-30,https://you.ubc.ca/financial-planning/scholarships-awards-international-students/international-scholars/,https://you.ubc.ca/financial-planning/scholarships-awards-international-students/international-scholars/,2026-09-30,alto,Cohorte septiembre 2027; la página anuncia apertura 05-10-2026. Cierre 15-11-2026; campus Vancouver u Okanagan.,beca,país,Sí,Programa abierto a estudiantes internacionales con permiso de estudios,UBC-IS-2027,CA,https://www.openstreetmap.org/relation/1428125,2026-09-30,Punto representativo OSM; no implica sede exacta
ICETEX-AGCID-M-2027,AGCID — maestrías en Chile,AGCID,Chile,Chile,No verificado,No verificado,-31.7613365,-71.3187697,maestría,Diferentes áreas,No verificado,No verificado,Español,Colombia,Profesional colombiano; admisión a programa elegible,2026-08-12,2026-10-09,No verificado,abierta,2026-09-30,https://web.icetex.gov.co/es/-/becas-maestria-chile-agcid-2027,https://web.icetex.gov.co/es/-/becas-maestria-chile-agcid-2027,2026-09-30,alto,Universidad y ciudad según selección.,beca,país,Sí,Fuente oficial dirigida a Colombia,ICETEX-AGCID-M-2027,CL,https://www.openstreetmap.org/relation/167454,2026-09-30,Punto representativo OSM; no implica sede exacta
CSC-CHINA-2026,Beca Gobierno de China / CSC Type A — maestría y doctorado,Gobierno de China / ICETEX,China,China,No verificado,No verificado,34.5412252,108.9237067,maestría; doctorado,Diferentes áreas,matrícula; alojamiento; seguro; manutención,3000 CNY/mes maestría; 3500 CNY/mes doctorado; seguro 800 CNY/año; ICETEX indica 85 %,Inglés o mandarín según programa,Colombia,Título profesional para maestría o maestría previa para doctorado; formulario CSC Type A; requisitos ICETEX,2025-12-01,2026-01-30,anual,cerrada,2026-09-30,https://web.icetex.gov.co/es/-/nov-2025-maestrias-en-diferentes-areas-en-china,https://web.icetex.gov.co/es/-/nov-2025-maestrias-en-diferentes-areas-en-china; https://web.icetex.gov.co/es/-/2026-doctorados-en-diferentes-areas-en-china,2026-09-30,alto,Se unifican las fichas ICETEX de maestría y doctorado de CSC Type A. Modalidad maestría de convocatoria CSC Type A; no duplicar con doctorado al contar convocatorias. Modalidad doctorado de convocatoria CSC Type A; no duplicar con maestría al contar convocatorias.,beca,país,Sí,Convocatoria oficial ICETEX para colombianos,CSC-CHINA-M-2026; CSC-CHINA-D-2026,CN,https://www.openstreetmap.org/relation/270056,2026-09-30,Punto representativo OSM; no implica sede exacta
MOFCOM-CSC-2026,MOFCOM CSC — maestrías y doctorados,Ministerio de Comercio de China / ICETEX,China,China,No verificado,No verificado,34.5412252,108.9237067,maestría; doctorado,Gobierno; comercio; agricultura; tecnología; educación; salud,matrícula; alojamiento; manutención; seguro; pasaje,36000 CNY/año maestría o 42000 CNY/año doctorado,Inglés B2 maestría o C1 doctorado,Colombia,Servidor público o profesional/directivo residente en Colombia; 36 meses de experiencia; promedio 4.0/5.0,2026-04-06,2026-04-30,No verificado,cerrada,2026-09-30,https://web.icetex.gov.co/-/becas-mofcom-csc-maestrias-doctorados-china,https://web.icetex.gov.co/-/becas-mofcom-csc-maestrias-doctorados-china,2026-09-30,alto,Programa MOFCOM distinto del CSC Type A general; selección de universidades en anexo oficial.,beca,país,Sí,ICETEX indica expresamente profesionales y servidores públicos colombianos,MOFCOM-CSC-2026,CN,https://www.openstreetmap.org/relation/270056,2026-09-30,Punto representativo OSM; no implica sede exacta
MINCIENCIAS-974-PAC-2026,Becas para el Cambio 974 — Región Pacífico,Minciencias,Colombia,Colombia,No verificado,No verificado,4.0999170,-72.9088133,maestría; doctorado,No verificado,No verificado,No verificado,No verificado,Colombia,Profesional colombiano nacido en municipio elegible del Pacífico,2026-02-17,2026-03-24,No verificado,cerrada,2026-09-30,https://minciencias.gov.co/convocatorias/convocatoria-becas-para-el-cambio-formacion-en-maestrias-y-doctorados-region-pacifico,https://minciencias.gov.co/convocatorias/convocatoria-becas-para-el-cambio-formacion-en-maestrias-y-doctorados-region-pacifico,2026-09-30,alto,Convocatoria territorial distinta de 975.,beca,país,Sí,Fuente oficial dirigida a Colombia,MINCIENCIAS-974-PAC-2026,CO,https://www.openstreetmap.org/relation/120027,2026-09-30,Punto representativo OSM; no implica sede exacta
MINCIENCIAS-975-2026,Becas para el Cambio 975 — maestría y doctorado nacional,Minciencias,Colombia,Colombia,No verificado,No verificado,4.0999170,-72.9088133,maestría; doctorado,No verificado,No verificado,No verificado,No verificado,Colombia,Profesional colombiano; admisión o matrícula inicial en maestría o doctorado nacional elegible; requisitos de modalidad,2026-03-13,2026-04-28,No verificado,cerrada,2026-09-30,https://minciencias.gov.co/convocatorias/convocatoria-becas-para-el-cambio-formacion-en-maestrias-y-doctorados,https://minciencias.gov.co/convocatorias/convocatoria-becas-para-el-cambio-formacion-en-maestrias-y-doctorados,2026-09-30,alto,Se unifican modalidades 1 y 2 de la misma convocatoria 975. Modalidad 1; misma convocatoria 975 que modalidad 2. Modalidad 2; misma convocatoria 975 que modalidad 1.,beca,país,Sí,Fuente oficial dirigida a Colombia,MINCIENCIAS-975-M-2026; MINCIENCIAS-975-D-2026,CO,https://www.openstreetmap.org/relation/120027,2026-09-30,Punto representativo OSM; no implica sede exacta
ICETEX-COMUNIDADES-NEGRAS-2026-2,Fondo Comunidades Negras — pregrado en Colombia,ICETEX / Ministerio de Educación,Colombia,Colombia,No verificado,No verificado,4.0999170,-72.9088133,pregrado,Diferentes áreas,matrícula o manutención,3 salarios mínimos por semestre,No verificado,Colombia,"Ciudadanía colombiana; pertenecer a pueblos negros, afrocolombianos, raizales o palenqueros; términos del fondo",2026-07-21,2026-08-21,No verificado,cerrada,2026-09-30,https://web.icetex.gov.co/es/-/llega-nueva-convocatoria-fondo-comunidades-negras-que-otorga-credito-100-condonable-estudios-educacion-superior,https://web.icetex.gov.co/es/-/llega-nueva-convocatoria-fondo-comunidades-negras-que-otorga-credito-100-condonable-estudios-educacion-superior,2026-09-30,alto,Esta fila representa la modalidad pregrado nacional; el mismo fondo permite posgrado nacional o exterior.,crédito 100 % condonable,país,Sí,ICETEX indica expresamente personas colombianas de comunidades elegibles,ICETEX-COMUNIDADES-NEGRAS-2026-2,CO,https://www.openstreetmap.org/relation/120027,2026-09-30,Punto representativo OSM; no implica sede exacta
ICETEX-INDIGENAS-2026-2,Fondo Álvaro Ulcué Chocué — estudios en Colombia,ICETEX / Ministerio de Educación,Colombia,Colombia,No verificado,No verificado,4.0999170,-72.9088133,pregrado; maestría; doctorado,Diferentes áreas,matrícula o manutención,Hasta 4 salarios mínimos por semestre,No verificado,Colombia,Pertenecer a pueblo indígena de Colombia; proyecto o trabajo en beneficio comunitario; términos del fondo,2026-07-23,2026-08-11,No verificado,cerrada,2026-09-30,https://web.icetex.gov.co/es/-/este-23-julio-abre-nueva-convocatoria-fondo-alvaro-ulcue-chocue-miembros-pueblos-indigenas,https://web.icetex.gov.co/es/-/este-23-julio-abre-nueva-convocatoria-fondo-alvaro-ulcue-chocue-miembros-pueblos-indigenas,2026-09-30,alto,La misma convocatoria permite estudiar fuera de Colombia; aquí se representa su ruta nacional sin crear otro registro.,crédito 100 % condonable,país,Sí,Fondo ICETEX para miembros de pueblos indígenas colombianos,ICETEX-INDIGENAS-2026-2,CO,https://www.openstreetmap.org/relation/120027,2026-09-30,Punto representativo OSM; no implica sede exacta
UNIANDES-QUIERO-2027,Quiero Estudiar — Universidad de los Andes,Universidad de los Andes,Colombia,Colombia,Bogotá,Universidad de los Andes,4.6014026,-74.0649050,pregrado,Diferentes áreas,hasta 95 % de matrícula,Hasta 95 % de matrícula semestral,No verificado,Colombia,Admisión a primer pregrado; 16–21 años; excelencia Saber 11; necesidad financiera; preselección,2026-08-14,2026-11-08,semestral,abierta,2026-09-30,https://apoyofinanciero.uniandes.edu.co/quiero-estudiar,https://apoyofinanciero.uniandes.edu.co/quiero-estudiar,2026-09-30,alto,"Requiere preselección; tres cierres internos. Tras graduación, compromiso de aportar 20 % de ingresos por el doble del tiempo apoyado.",apoyo con compromiso de devolución,universidad,Sí,Programa dirigido a admitidos de cualquier región de Colombia; verificar otros requisitos individuales,UNIANDES-QUIERO-2027,CO,https://www.openstreetmap.org/relation/12923963,2026-09-30,Objeto universitario OSM verificado por nombre y país
GKS-G-2026,Global Korea Scholarship — posgrado,Gobierno de Corea / NIIED,Corea del Sur,Corea del Sur,No verificado,No verificado,36.6383920,127.6961188,maestría; doctorado,No verificado,matrícula; manutención; pasaje; curso de coreano,No verificado,No verificado,Colombia,No verificado,No verificado,2026-02-25,anual,cerrada,2026-09-30,https://overseas.mofa.go.kr/co-es/brd/m_6687/list.do,https://overseas.mofa.go.kr/co-es/brd/m_6687/list.do,2026-09-30,medio,Aviso colombiano en listado; enlace individual no recuperado.,beca,país,Sí,Fuente oficial dirigida a Colombia,GKS-G-2026,KR,https://www.openstreetmap.org/relation/307756,2026-09-30,Punto representativo OSM; no implica sede exacta
GKS-U-2026,Global Korea Scholarship — pregrado,Gobierno de Corea / NIIED,Corea del Sur,Corea del Sur,No verificado,No verificado,36.6383920,127.6961188,pregrado,No verificado,No verificado,No verificado,No verificado,Colombia,Seguir guía GKS-U y postular por Embajada en Colombia,No verificado,2025-10-17,anual,cerrada,2026-09-30,https://overseas.mofa.go.kr/co-es/brd/m_6687/view.do?seq=760696,https://overseas.mofa.go.kr/co-es/brd/m_6687/view.do?seq=760696,2026-09-30,alto,Cohorte académica 2026; plazo colombiano revisado.,beca,país,Sí,Fuente oficial dirigida a Colombia,GKS-U-2026,KR,https://www.openstreetmap.org/relation/307756,2026-09-30,Punto representativo OSM; no implica sede exacta
CAROLINA-D-2026,Fundación Carolina — doctorado 2026/27,Fundación Carolina,España,España,No verificado,No verificado,39.3260685,-4.8379791,doctorado,Diferentes áreas,matrícula; manutención; pasaje; seguro,1200 EUR/mes durante estancias; pasajes anuales,No verificado,Colombia,Docente o personal de universidad latinoamericana asociada; nominación institucional; título de maestría; preadmisión española,2026-01-12,2026-04-09,anual,cerrada,2026-09-30,https://gestion.fundacioncarolina.es/programas/6519,https://gestion.fundacioncarolina.es/programas/6519,2026-09-30,alto,Estancias distribuidas en cuatro años; no es postulación individual directa.,beca,país,Sí,Regla oficial incluye países latinoamericanos de Comunidad Iberoamericana; Colombia,CAROLINA-D-2026,ES,https://www.openstreetmap.org/relation/1311341,2026-09-30,Punto representativo OSM; no implica sede exacta
CAROLINA-PG-2026,Fundación Carolina — posgrado 2026/27,Fundación Carolina,España,España,No verificado,No verificado,39.3260685,-4.8379791,maestría,Diferentes áreas y programas,Según programa,No verificado,No verificado,Colombia,Admisión y condiciones del programa específico; ciudadanía iberoamericana,2026-01-12,2026-03-02,anual,cerrada,2026-09-30,https://www.fundacioncarolina.es/convocatoria-de-becas-2026-2027/,https://www.fundacioncarolina.es/convocatoria-de-becas-2026-2027/,2026-09-30,alto,Registro paraguas: cada uno de los 203 programas académicos tiene cobertura propia; revisar ficha antes de postular.,beca,país,Sí,Fundación Carolina dirige la convocatoria a Iberoamérica e incluye Fundación Carolina Colombia,CAROLINA-PG-2026,ES,https://www.openstreetmap.org/relation/1311341,2026-09-30,Punto representativo OSM; no implica sede exacta
ICETEX-CEDEU-URJC-2026,Máster en Negocios Digitales CEDEU–URJC,CEDEU / Universidad Rey Juan Carlos,España,España,Madrid,CEDEU / Universidad Rey Juan Carlos,40.4167820,-3.7035070,maestría,Negocios digitales,85 % de matrícula,85 % de matrícula,Español,Colombia,Profesional colombiano residente en Colombia; admisión; promedio 4.0/5.0; 18 meses de experiencia,2026-09-17,2026-10-08,No verificado,abierta,2026-09-30,https://web.icetex.gov.co/es/-/2026-becas-85-maestria-negocios-digitales-urjc,https://web.icetex.gov.co/es/-/2026-becas-85-maestria-negocios-digitales-urjc,2026-09-30,alto,Cuatro becas; viaje y manutención excluidos.,beca,ciudad,Sí,Fuente oficial dirigida a Colombia,ICETEX-CEDEU-URJC-2026,ES,https://www.openstreetmap.org/relation/5326784,2026-09-30,Punto representativo OSM; no implica sede exacta
FULBRIGHT-VS-2027,Fulbright Visiting Scholar Program,Comisión Fulbright Colombia,Colombia,Estados Unidos,No verificado,No verificado,39.7837304,-100.4458820,postdoctorado,No verificado,manutención; pasaje; seguro,No verificado,No verificado,Colombia,Doctorado finalizado; vínculo con institución colombiana; invitación de anfitrión,2026-08-19,2026-10-12,anual,abierta,2026-09-30,https://fulbright.edu.co/portfolio-academico/fulbright-visiting-scholar-program-2/,https://fulbright.edu.co/portfolio-academico/fulbright-visiting-scholar-program-2/,2026-09-30,alto,Estancia de investigación de hasta seis meses.,beca,país,Sí,Fuente oficial dirigida a Colombia,FULBRIGHT-VS-2027,US,https://www.openstreetmap.org/relation/148838,2026-09-30,Punto representativo OSM; no implica sede exacta
FULBRIGHT-HUMPHREY-2027,Hubert H. Humphrey Fellowship Program,Comisión Fulbright Colombia,Colombia,Estados Unidos,No verificado,No verificado,39.7837304,-100.4458820,curso corto,No verificado,matrícula; manutención; pasaje; seguro,No verificado,No verificado,Colombia,Residencia en Colombia; título profesional; cinco años de experiencia,No verificado,2026-08-02,anual,cerrada,2026-09-30,https://fulbright.edu.co/portfolio-academico/hubert-h-humphrey-fellowship-program/,https://fulbright.edu.co/portfolio-academico/hubert-h-humphrey-fellowship-program/,2026-09-30,alto,Desarrollo profesional sin título; cohorte 2027.,beca,país,Sí,Fuente oficial dirigida a Colombia,FULBRIGHT-HUMPHREY-2027,US,https://www.openstreetmap.org/relation/148838,2026-09-30,Punto representativo OSM; no implica sede exacta
FULBRIGHT-JW-2027,J. William Fulbright Program,Comisión Fulbright Colombia,Colombia,Estados Unidos,No verificado,No verificado,39.7837304,-100.4458820,maestría,No verificado,costos universitarios; manutención; pasaje; visa,No verificado,TOEFL iBT mínimo 85,Colombia,Título profesional; promedio mínimo 4.0/5.0; un año de experiencia,No verificado,2026-05-15,anual,cerrada,2026-09-30,https://fulbright.edu.co/portfolio-academico/j-william-fulbright-program/,https://fulbright.edu.co/portfolio-academico/j-william-fulbright-program/,2026-09-30,alto,Página mezcla cohorte 2027 y resultados 2026.,beca,país,Sí,Fuente oficial dirigida a Colombia,FULBRIGHT-JW-2027,US,https://www.openstreetmap.org/relation/148838,2026-09-30,Punto representativo OSM; no implica sede exacta
EIFFEL-2026,France Excellence Eiffel,Ministerio para Europa y de Asuntos Exteriores de Francia,Francia,Francia,No verificado,No verificado,46.6033540,1.8883335,maestría; doctorado,No verificado,manutención; otros beneficios según términos,1200 EUR/mes maestría; 2100 EUR/mes doctorado,No verificado,Colombia,La candidatura la presenta una institución francesa; límites de edad,2025-10-01,2026-01-08,anual,cerrada,2026-09-30,https://www.colombie.campusfrance.org/el-programa-de-becas-de-francia-excelencia-eiffel,https://www.colombie.campusfrance.org/el-programa-de-becas-de-francia-excelencia-eiffel,2026-09-30,alto,Cierre para instituciones; plazo de candidato varía. Página aún dice abierta.,beca,país,Sí,Fuente oficial dirigida a Colombia,EIFFEL-2026,FR,https://www.openstreetmap.org/relation/2202162,2026-09-30,Punto representativo OSM; no implica sede exacta
SCIENCESPO-BOUTMY-U-2027,Émile Boutmy — pregrado,Sciences Po,Francia,Francia,No verificado,Sciences Po,46.6033540,1.8883335,pregrado,Ciencias sociales; política pública,matrícula total o parcial,Exención total o 9500 EUR de matrícula,No verificado,Colombia,Primer ingreso; ciudadanía no UE; hogar sin tributación UE; admisión a programa elegible,No verificado,2027-01-13,anual,recurrente,2026-09-30,https://www.sciencespo.fr/students/en/fees-funding/bursaries-financial-aid/emile-boutmy-scholarship/,https://www.sciencespo.fr/students/en/fees-funding/bursaries-financial-aid/emile-boutmy-scholarship/,2026-09-30,alto,Cierre para estudiantes procedentes de colegios extranjeros; apertura no publicada en página consultada.,beca,país,Sí,Sciences Po admite aspirantes de países fuera de la UE,SCIENCESPO-BOUTMY-U-2027,FR,https://www.openstreetmap.org/relation/2202162,2026-09-30,Punto representativo OSM; no implica sede exacta
ICETEX-ITEC-AI-2026,ITEC — AI in the Workplace (Women),Gobierno de India / ITEC,India,India,Mohali,Centre for Development of Advanced Computing Mohali,30.6908804,76.7114879,curso corto,Inteligencia artificial,No verificado,No verificado,Inglés,Colombia,Mujeres profesionales colombianas residentes en Colombia,2026-08-31,2026-10-16,No verificado,abierta,2026-09-30,https://web.icetex.gov.co/es/-/ia-trabajo-mujeres-gobierno-india,https://web.icetex.gov.co/es/-/ia-trabajo-mujeres-gobierno-india,2026-09-30,alto,Curso presencial de 14 días; cobertura aún por verificar.,beca,ciudad,Sí,Fuente oficial dirigida a Colombia,ICETEX-ITEC-AI-2026,IN,https://www.openstreetmap.org/node/125904109,2026-09-30,Punto representativo OSM; no implica sede exacta
MEXT-R-2027,MEXT — posgrado e investigación,MEXT / Embajada del Japón en Colombia,Japón,Japón,No verificado,No verificado,36.5748441,139.2394179,maestría; doctorado,No verificado,matrícula; manutención; pasaje,143000–145000 JPY/mes según modalidad; sujeto a cambio fiscal,Conocimientos previos de japonés; exámenes de idioma,Colombia,Título profesional o maestría; plan de investigación,No verificado,2026-06-01,anual,cerrada,2026-09-30,https://www.colombia.emb-japan.go.jp/itpr_es/posgrado.html,https://www.colombia.emb-japan.go.jp/itpr_es/posgrado.html,2026-09-30,alto,Página aún dice abierta pese al cierre publicado.,beca,país,Sí,Fuente oficial dirigida a Colombia,MEXT-R-2027,JP,https://www.openstreetmap.org/relation/382313,2026-09-30,Punto representativo OSM; no implica sede exacta
MEXT-U-2027,MEXT — pregrado,MEXT / Embajada del Japón en Colombia,Japón,Japón,No verificado,No verificado,36.5748441,139.2394179,pregrado,No verificado,matrícula; manutención; pasaje,117000 JPY/mes; sujeto a cambio fiscal,No verificado,Colombia,No verificado,No verificado,2026-06-01,anual,cerrada,2026-09-30,https://www.colombia.emb-japan.go.jp/itpr_es/pregrado.html,https://www.colombia.emb-japan.go.jp/itpr_es/pregrado.html,2026-09-30,alto,Página aún dice abierta pese al cierre publicado.,beca,país,Sí,Fuente oficial dirigida a Colombia,MEXT-U-2027,JP,https://www.openstreetmap.org/relation/382313,2026-09-30,Punto representativo OSM; no implica sede exacta
ICETEX-TEC-DPP-2026,Tec de Monterrey — Doctorado en Política Pública,Tecnológico de Monterrey,México,México,Monterrey,Tecnológico de Monterrey,25.6507267,-100.2893190,doctorado,Política pública,100 % de matrícula,100 % de matrícula,Español/inglés,Colombia,Admisión definitiva; cédula colombiana; documentos de residencia,2026-06-24,2026-10-02,No verificado,abierta,2026-09-30,https://web.icetex.gov.co/es/-/2026-becas-del-100-doctorado-en-politica-publica-en-el-instituto-tecnologico-y-de-estudios-superiores-de-monterrey,https://web.icetex.gov.co/es/-/2026-becas-del-100-doctorado-en-politica-publica-en-el-instituto-tecnologico-y-de-estudios-superiores-de-monterrey,2026-09-30,alto,Dos becas; manutención no confirmada.,beca,universidad,Sí,Fuente oficial dirigida a Colombia,ICETEX-TEC-DPP-2026,MX,https://www.openstreetmap.org/relation/21104322,2026-09-30,Objeto universitario OSM verificado por nombre y país
MAASTRICHT-NLHP-2027,Maastricht University NL-High Potential Scholarship,Maastricht University / NL Scholarship,Países Bajos,Países Bajos,Maastricht,Maastricht University,50.8579855,5.6969882,maestría,Másteres participantes,matrícula; manutención; seguro; visado,20150 EUR/13 meses o 38750 EUR/25 meses más matrícula,No verificado,Colombia,No UE/EEE; menor o igual a 35 años; promedio mínimo 7.5/10; expediente de admisión completo antes de 10-12-2026,2026-10-01,2027-02-01,anual,recurrente,2026-09-30,https://www.maastrichtuniversity.nl/studeren/toelating-inschrijving/financing-your-studies/scholarships/maastricht-university-nl-high,https://www.maastrichtuniversity.nl/studeren/toelating-inschrijving/financing-your-studies/scholarships/maastricht-university-nl-high,2026-09-30,alto,Cohorte 2027/28; abre un día después de la consulta. Incluye componente NL Scholarship; pasajes no cubiertos.,beca,ciudad,Sí,Nacionalidad colombiana cumple regla no UE/EEE publicada por Maastricht,MAASTRICHT-NLHP-2027,NL,https://www.openstreetmap.org/relation/2078291,2026-09-30,Punto representativo OSM; no implica sede exacta
NL-SCHOLARSHIP-2026,NL Scholarship,Ministerio de Educación de Países Bajos / universidades,Países Bajos,Países Bajos,No verificado,No verificado,52.2434979,5.6343227,pregrado; maestría,Según institución participante,parcial,5000 EUR primer año,No verificado,Colombia,Nacionalidad fuera del EEE; admisión a institución participante; sin título previo neerlandés,2025-11-01,No verificado,anual,recurrente,2026-09-30,https://studyinnl.org/finances/nl-scholarship,https://studyinnl.org/finances/nl-scholarship,2026-09-30,alto,Plazos y programas varían por universidad. Incluye componente de Maastricht NL-High Potential; no sumar financiación de ambas.,beca,país,Sí,Colombia no pertenece al Espacio Económico Europeo; regla oficial para no EEE,NL-SCHOLARSHIP-2026,NL,https://www.openstreetmap.org/relation/2323309,2026-09-30,Punto representativo OSM; no implica sede exacta
CHEVENING-CO-2027,Chevening Scholarships Colombia,Chevening / Gobierno del Reino Unido,Reino Unido,Reino Unido,No verificado,No verificado,54.7023545,-3.2765753,maestría,No verificado,matrícula; manutención; pasaje; seguro,No verificado,No verificado,Colombia,Título de pregrado; 2800 horas de experiencia; retorno por dos años,2026-08-04,2026-10-06,anual,abierta,2026-09-30,https://www.chevening.org/scholarship/colombia/,https://www.chevening.org/scholarships/application-timeline/,2026-09-30,alto,Cierre 11:00 UTC; universidad según admisión.,beca,país,Sí,Fuente oficial dirigida a Colombia,CHEVENING-CO-2027,GB,https://www.openstreetmap.org/relation/62149,2026-09-30,Punto representativo OSM; no implica sede exacta
SALFORD-ICETEX-2027,University of Salford — descuento de maestría,University of Salford / ICETEX,Reino Unido,Reino Unido,Salford,University of Salford,53.4877463,-2.2891921,maestría,Diferentes áreas,matrícula parcial; una exención total,5000 GBP de descuento; una beca de 100 % matrícula,Inglés según programa,Colombia,Profesional colombiano; admisión definitiva; promedio mínimo 3.7/5.0; 21–64 años,2026-08-14,2027-02-26,No verificado,abierta,2026-09-30,https://web.icetex.gov.co/es/-/descuentos-maestrias-university-salford,https://web.icetex.gov.co/es/-/descuentos-maestrias-university-salford,2026-09-30,alto,ICETEX identifica ciudad Manchester; campus de Salford se registra como Salford. Manutención y viaje no cubiertos.,beca,ciudad,Sí,Convocatoria ICETEX dirigida expresamente a profesionales colombianos,SALFORD-ICETEX-2027,GB,https://www.openstreetmap.org/node/26867312,2026-09-30,Punto representativo OSM; no implica sede exacta
ICETEX-SCP-INCLUSION-2026,SCP — Inclusivity in Multicultural Societies,Gobierno de Singapur / SCP,Singapur,Singapur,Singapur,No verificado,1.2899175,103.8519072,curso corto,Inclusión social,matrícula; alojamiento; viáticos,130 SGD/día en viáticos,Inglés,Colombia,Servidor público colombiano; postulación por ICETEX y SCP,2026-08-21,2026-11-19,No verificado,abierta,2026-09-30,https://web.icetex.gov.co/es/-/2026-beca-del-100-servidores-publicos-singapur-inclusivity-in-multicultural-societies,https://web.icetex.gov.co/es/-/2026-beca-del-100-servidores-publicos-singapur-inclusivity-in-multicultural-societies,2026-09-30,alto,Una beca; curso de cinco días.,beca,ciudad,Sí,Fuente oficial dirigida a Colombia,ICETEX-SCP-INCLUSION-2026,SG,https://www.openstreetmap.org/relation/17140517,2026-09-30,Punto representativo OSM; no implica sede exacta
LUND-KAMPRAD-2026,Ingvar Kamprad Scholarship,Lund University / IKEA Foundation,Suecia,Suecia,Lund,Lund University,55.7029296,13.1929449,maestría,Diseño industrial,matrícula; manutención según modalidad,270000 SEK/año matrícula o 128400 SEK/año manutención,No verificado,Colombia,Admisión al máster en diseño industrial; modalidad de matrícula para no UE/EEE,No verificado,2026-04-13,anual,cerrada,2026-09-30,https://www.lunduniversity.lu.se/study/admission-degree-studies/scholarships-and-awards/ingvar-kamprad-scholarship,https://www.lunduniversity.lu.se/study/admission-degree-studies/scholarships-and-awards/ingvar-kamprad-scholarship,2026-09-30,alto,Dos modalidades dentro de una misma solicitud; se puede postular a una o ambas.,beca,ciudad,Sí,Modalidad de matrícula abierta a ciudadanos no UE/EEE,LUND-KAMPRAD-2026,SE,https://www.openstreetmap.org/relation/2468628,2026-09-30,Punto representativo OSM; no implica sede exacta
LUND-GLOBAL-2026,Lund University Global Scholarship,Lund University,Suecia,Suecia,Lund,Lund University,55.7029296,13.1929449,pregrado; maestría,Diferentes áreas; pregrados seleccionados,matrícula parcial o total,No verificado,No verificado,Colombia,Ciudadanía no UE/EEE; programa Lund como primera opción; solvencia para manutención,No verificado,2026-02-16,anual,cerrada,2026-09-30,https://www.lunduniversity.lu.se/study/admission-degree-studies/scholarships-and-awards/lund-university-global-scholarship,https://www.lunduniversity.lu.se/study/admission-degree-studies/scholarships-and-awards/lund-university-global-scholarship,2026-09-30,alto,No cubre manutención; siguiente ronda usualmente en febrero.,beca,ciudad,Sí,Colombia cumple regla oficial de ciudadanía fuera de UE/EEE,LUND-GLOBAL-2026,SE,https://www.openstreetmap.org/relation/2468628,2026-09-30,Punto representativo OSM; no implica sede exacta
SI-GLOBAL-2026,Swedish Institute Scholarship for Global Professionals,Swedish Institute,Suecia,Suecia,No verificado,Según máster elegible,59.6749712,14.5208584,maestría,Según máster elegible,No verificado,No verificado,No verificado,Colombia,Ciudadanía colombiana; admisión a máster elegible; requisitos específicos del Swedish Institute,No verificado,No verificado,anual,cerrada,2026-09-30,https://apply-scholarships.si.se/en_GB/courses/course/1209-tourism-and-sustainable-development,https://apply-scholarships.si.se/en_GB/courses/course/1209-tourism-and-sustainable-development,2026-09-30,medio,Ficha oficial de máster elegible en Umeå; portal indica que no acepta postulaciones actualmente. Cobertura y cierre del programa paraguas requieren verificación adicional.,beca,país,Sí,Portal oficial SI enumera expresamente Colombia entre territorios elegibles,SI-GLOBAL-2026,SE,https://www.openstreetmap.org/relation/52822,2026-09-30,Punto representativo OSM; no implica sede exacta
ERASMUS-MUNDUS-JM-2027,Erasmus Mundus Joint Masters,Comisión Europea / consorcios universitarios,Unión Europea,Varios,No verificado,No verificado,No verificado,No verificado,maestría,Según consorcio,costos de participación; viaje; visado; manutención,No verificado,No verificado,Colombia,Título de pregrado o último año; admisión a máster del catálogo; fechas por consorcio,No verificado,No verificado,anual,recurrente,2026-09-30,https://erasmus-plus.ec.europa.eu/opportunities/individuals/students/erasmus-mundus-joint-masters,https://erasmus-plus.ec.europa.eu/opportunities/individuals/students/erasmus-mundus-joint-masters,2026-09-30,alto,Normalmente solicitudes entre octubre y enero; no se asigna país único ni plazo universal.,beca,sin ubicación única,Sí,Comisión Europea indica estudiantes de todo el mundo,ERASMUS-MUNDUS-JM-2027,No verificado,No verificado,No verificado,Programa multinacional sin punto único
COLFUTURO-PCB-2027,Programa Crédito Beca COLFUTURO,COLFUTURO,Colombia,Varios,No verificado,No verificado,No verificado,No verificado,maestría; doctorado,No verificado,No verificado,No verificado,No verificado,Colombia,Título de pregrado; programa de interés; segundo idioma al legalizar,2027-01-04,2027-03-04,anual,recurrente,2026-09-30,https://www.colfuturo.org/programas/credito-beca/convocatoria,https://www.colfuturo.org/programas/credito-beca/convocatoria,2026-09-30,alto,Edición 2026 cerrada; calendario 2027 anunciado.,crédito-beca,sin ubicación única,Sí,Fuente oficial dirigida a Colombia,COLFUTURO-PCB-2027,No verificado,No verificado,No verificado,Programa multinacional sin punto único
