pais_destino,nivel,becas,fecha_consulta
Alemania,curso corto,2,2026-09-30
Alemania,doctorado,2,2026-09-30
Alemania,idiomas,2,2026-09-30
Alemania,maestría,4,2026-09-30
Australia,doctorado,3,2026-09-30
Australia,maestría,2,2026-09-30
Canadá,curso corto,1,2026-09-30
Canadá,doctorado,1,2026-09-30
Canadá,intercambio,1,2026-09-30
Canadá,pregrado,1,2026-09-30
Chile,maestría,1,2026-09-30
China,doctorado,2,2026-09-30
China,maestría,2,2026-09-30
Colombia,doctorado,3,2026-09-30
Colombia,maestría,3,2026-09-30
Colombia,pregrado,3,2026-09-30
Corea del Sur,doctorado,1,2026-09-30
Corea del Sur,maestría,1,2026-09-30
Corea del Sur,pregrado,1,2026-09-30
España,doctorado,1,2026-09-30
España,maestría,2,2026-09-30
Estados Unidos,curso corto,1,2026-09-30
Estados Unidos,maestría,1,2026-09-30
Estados Unidos,postdoctorado,1,2026-09-30
Francia,doctorado,1,2026-09-30
Francia,maestría,1,2026-09-30
Francia,pregrado,1,2026-09-30
India,curso corto,1,2026-09-30
Japón,doctorado,1,2026-09-30
Japón,maestría,1,2026-09-30
Japón,pregrado,1,2026-09-30
México,doctorado,1,2026-09-30
Países Bajos,maestría,2,2026-09-30
Países Bajos,pregrado,1,2026-09-30
Reino Unido,maestría,2,2026-09-30
Singapur,curso corto,1,2026-09-30
Suecia,maestría,3,2026-09-30
Suecia,pregrado,1,2026-09-30
Varios,doctorado,1,2026-09-30
Varios,maestría,2,2026-09-30
