id,accion,fecha_cierre,fecha_apertura,estado_convocatoria,url_oficial_nueva,url_evidencia,fecha_verificacion,nota
DAAD-PPGG-2027,actualizar,2026-07-31,No verificado,cerrada,,https://www.daad.co/es/becas/becas-de-posgrado/maestria-2/,2026-09-30,Fecha del programa PPGG confirmada en el apartado Helmut-Schmidt del DAAD; cambia por edición.
DAAD-HWK-2027,actualizar,2026-07-31,No verificado,cerrada,,https://www.daad.co/es/becas/becas-de-posgrado/maestria-2/,2026-09-30,Fecha del curso de invierno HWK confirmada en su apartado del DAAD; cambia por edición.
DAAD-HSK-2027,actualizar,2026-10-30,No verificado,abierta,,https://www.daad.co/es/becas/becas-de-posgrado/maestria-2/,2026-09-30,Fecha del curso de verano HSK confirmada en su apartado del DAAD; cambia por edición.
DAAD-STEM-2027,actualizar,2026-09-03,No verificado,cerrada,,https://www.daad.co/es/becas/becas-de-posgrado/maestria-2/,2026-09-30,Fecha STEM confirmada en su apartado del DAAD; cambia por edición.
FULBRIGHT-VS-2027,actualizar,2026-10-12,2026-08-19,abierta,,https://fulbright.edu.co/portfolio-academico/fulbright-visiting-scholar-program-2/,2026-09-30,"La cohorte 2027 figura abierta para ciudadanos colombianos; cierre a las 23:59, hora Colombia."
MAASTRICHT-NLHP-2027,actualizar,2027-02-01,2026-10-01,recurrente,,https://www.maastrichtuniversity.nl/studeren/toelating-inschrijving/financing-your-studies/scholarships/maastricht-university-nl-high,2026-09-30,La edición 2027-2028 abre el 1 de octubre de 2026; la fuente confirma cierre el 1 de febrero de 2027.
MELBOURNE-HUMPHREY-2027,actualizar,2026-10-25,2026-08-28,abierta,,https://scholarships.unimelb.edu.au/awards/gordon-and-isabel-humphrey-scholarship,2026-09-30,La fuente oficial permite estudiantes internacionales y confirma apertura y cierre de 2026.
MONASH-MGS-2027,actualizar,2027-02-28,No verificado,recurrente,,https://www.monash.edu/study/fees-scholarships/scholarships/find-a-scholarship/monash-graduate-scholarship-mgs?international=true,2026-09-30,La fuente oficial permite estudiantes internacionales y confirma cierre de ronda 1 de 2027; otras rondas tienen otros plazos.
SYDNEY-RTP-2027-R34,actualizar,2026-12-18,No verificado,abierta,,https://www.sydney.edu.au/scholarships/australian-government-research-training-program/rtp-international.html,2026-09-30,La tabla oficial confirma el cierre para los períodos de investigación 3 y 4 de 2027.
UBC-IS-2027,actualizar,2026-11-15,2026-10-05,recurrente,,https://you.ubc.ca/financial-planning/scholarships-awards-international-students/international-scholars/,2026-09-30,La fuente oficial confirma apertura el 5 de octubre de 2026 y cierre el 15 de noviembre para ingreso en septiembre de 2027.
MEXT-R-2027,actualizar,2026-06-01,No verificado,cerrada,,https://www.colombia.emb-japan.go.jp/itpr_es/posgrado.html,2026-09-30,La Embajada del Japón en Colombia confirma cierre el 1 de junio de 2026 para postulantes colombianos.
MEXT-U-2027,actualizar,2026-06-01,No verificado,cerrada,,https://www.colombia.emb-japan.go.jp/itpr_es/pregrado.html,2026-09-30,La Embajada del Japón en Colombia confirma cierre el 1 de junio de 2026 para postulantes colombianos.
