id,fecha_consulta,url_oficial,url_final,codigo_http,tipo_contenido,resultado,cambio_fuente,candidatos_cierre,requiere_revision,detalle
CAROLINA-D-2026,2026-09-30,https://gestion.fundacioncarolina.es/programas/6519,https://gestion.fundacioncarolina.es/programas/6519,200,text/html; charset=utf-8,primera_consulta,No verificado,No verificado,No,html
CAROLINA-PG-2026,2026-09-30,https://www.fundacioncarolina.es/convocatoria-de-becas-2026-2027/,https://www.fundacioncarolina.es/convocatoria-de-becas-2026-2027/,200,text/html; charset=utf-8,primera_consulta,No verificado,2026-03-02,No,html
CGRS-D-2026,2026-09-30,https://nserc.canada.ca/en/funding-opportunity/canada-graduate-research-scholarship-doctoral-program,https://nserc.canada.ca/en/funding-opportunity/canada-graduate-research-scholarship-doctoral-program,200,text/html; charset=utf-8,primera_consulta,No verificado,No verificado,No,html
CHEVENING-CO-2027,2026-09-30,https://www.chevening.org/scholarship/colombia/,https://www.chevening.org/scholarship/colombia/,200,text/html; charset=utf-8,primera_consulta,No verificado,No verificado,No,html
COLFUTURO-PCB-2027,2026-09-30,https://www.colfuturo.org/programas/credito-beca/convocatoria,https://www.colfuturo.org/programas/credito-beca/convocatoria,200,text/html; charset=utf-8,primera_consulta,No verificado,No verificado,No,html
CSC-CHINA-2026,2026-09-30,https://web.icetex.gov.co/es/-/nov-2025-maestrias-en-diferentes-areas-en-china,https://web.icetex.gov.co/es/-/nov-2025-maestrias-en-diferentes-areas-en-china,200,text/html;charset=utf-8,primera_consulta,No verificado,No verificado,No,html
DAAD-COLFUTURO-2026,2026-09-30,https://www.daad.co/files/2026/02/DAAD_COLFUTURO_Convocatoria-2026-1.pdf,https://www.daad.co/files/2026/02/DAAD_COLFUTURO_Convocatoria-2026-1.pdf,304,application/pdf,sin_cambios,No,No verificado,No,pdf
DAAD-EPOS-2026,2026-09-30,https://www.daad.co/es/becas-2/becas-de-posgrado/maestria/,https://www.daad.co/es/becas-2/becas-de-posgrado/maestria/,200,text/html; charset=utf-8,sin_cambios,No,No verificado,No,html
DAAD-HSK-2027,2026-09-30,https://www.daad.co/es/becas/becas-de-posgrado/maestria-2/,https://www.daad.co/es/becas/becas-de-posgrado/maestria-2/,200,text/html; charset=utf-8,sin_cambios,No,2026-07-31; 2026-10-30,Sí,html
DAAD-HWK-2027,2026-09-30,https://www.daad.co/es/becas/becas-de-posgrado/maestria-2/,https://www.daad.co/es/becas/becas-de-posgrado/maestria-2/,200,text/html; charset=utf-8,sin_cambios,No,2026-07-31; 2026-10-30,Sí,html
DAAD-PPGG-2027,2026-09-30,https://www.daad.co/es/becas/becas-de-posgrado/maestria-2/,https://www.daad.co/es/becas/becas-de-posgrado/maestria-2/,200,text/html; charset=utf-8,sin_cambios,No,2026-07-31; 2026-10-30,Sí,html
DAAD-STEM-2027,2026-09-30,https://www.daad.co/es/becas/becas-de-posgrado/maestria-2/,https://www.daad.co/es/becas/becas-de-posgrado/maestria-2/,200,text/html; charset=utf-8,sin_cambios,No,2026-07-31; 2026-10-30,Sí,html
EIFFEL-2026,2026-09-30,https://www.colombie.campusfrance.org/el-programa-de-becas-de-francia-excelencia-eiffel,https://www.colombie.campusfrance.org/el-programa-de-becas-de-francia-excelencia-eiffel,200,text/html; charset=utf-8,primera_consulta,No verificado,No verificado,No,html
ELAP-2026,2026-09-30,https://www.educanada.ca/scholarships-bourses/can/institutions/elap-pfla.aspx?lang=eng,https://www.educanada.ca/scholarships-bourses/can/institutions/elap-pfla.aspx?lang=eng,200,text/html; charset=utf-8,primera_consulta,No verificado,No verificado,No,html
ERASMUS-MUNDUS-JM-2027,2026-09-30,https://erasmus-plus.ec.europa.eu/opportunities/individuals/students/erasmus-mundus-joint-masters,https://erasmus-plus.ec.europa.eu/opportunities/individuals/students/erasmus-mundus-joint-masters,200,text/html; charset=utf-8,primera_consulta,No verificado,No verificado,No,html
FULBRIGHT-HUMPHREY-2027,2026-09-30,https://fulbright.edu.co/portfolio-academico/hubert-h-humphrey-fellowship-program/,https://fulbright.edu.co/portfolio-academico/hubert-h-humphrey-fellowship-program/,200,text/html; charset=utf-8,primera_consulta,No verificado,No verificado,No,html
FULBRIGHT-JW-2027,2026-09-30,https://fulbright.edu.co/portfolio-academico/j-william-fulbright-program/,https://fulbright.edu.co/portfolio-academico/j-william-fulbright-program/,200,text/html; charset=utf-8,primera_consulta,No verificado,No verificado,No,html
FULBRIGHT-VS-2027,2026-09-30,https://fulbright.edu.co/portfolio-academico/fulbright-visiting-scholar-program-2/,https://fulbright.edu.co/portfolio-academico/fulbright-visiting-scholar-program-2/,200,text/html; charset=utf-8,primera_consulta,No verificado,2026-08-19; 2026-10-12,Sí,html
GKS-G-2026,2026-09-30,https://overseas.mofa.go.kr/co-es/brd/m_6687/list.do,https://overseas.mofa.go.kr/co-es/brd/m_6687/list.do,,,error,No verificado,No verificado,Sí,"HTTPSConnectionPool(host='overseas.mofa.go.kr', port=443): Max retries exceeded with url: /co-es/brd/m_6687/list.do (Caused by ConnectTimeoutError(<urllib3.connection.HTTPSConnecti"
GKS-U-2026,2026-09-30,https://overseas.mofa.go.kr/co-es/brd/m_6687/view.do?seq=760696,https://overseas.mofa.go.kr/co-es/brd/m_6687/view.do?seq=760696,200,text/html;charset=utf-8,primera_consulta,No verificado,No verificado,No,html
ICETEX-AGCID-M-2027,2026-09-30,https://web.icetex.gov.co/es/-/becas-maestria-chile-agcid-2027,https://web.icetex.gov.co/es/-/becas-maestria-chile-agcid-2027,200,text/html;charset=utf-8,primera_consulta,No verificado,No verificado,No,html
ICETEX-CEDEU-URJC-2026,2026-09-30,https://web.icetex.gov.co/es/-/2026-becas-85-maestria-negocios-digitales-urjc,https://web.icetex.gov.co/es/-/2026-becas-85-maestria-negocios-digitales-urjc,200,text/html;charset=utf-8,primera_consulta,No verificado,No verificado,No,html
ICETEX-COMUNIDADES-NEGRAS-2026-2,2026-09-30,https://web.icetex.gov.co/es/-/llega-nueva-convocatoria-fondo-comunidades-negras-que-otorga-credito-100-condonable-estudios-educacion-superior,https://web.icetex.gov.co/es/-/llega-nueva-convocatoria-fondo-comunidades-negras-que-otorga-credito-100-condonable-estudios-educacion-superior,200,text/html;charset=utf-8,primera_consulta,No verificado,No verificado,No,html
ICETEX-INDIGENAS-2026-2,2026-09-30,https://web.icetex.gov.co/es/-/este-23-julio-abre-nueva-convocatoria-fondo-alvaro-ulcue-chocue-miembros-pueblos-indigenas,https://web.icetex.gov.co/es/-/este-23-julio-abre-nueva-convocatoria-fondo-alvaro-ulcue-chocue-miembros-pueblos-indigenas,200,text/html;charset=utf-8,primera_consulta,No verificado,No verificado,No,html
ICETEX-ITEC-AI-2026,2026-09-30,https://web.icetex.gov.co/es/-/ia-trabajo-mujeres-gobierno-india,https://web.icetex.gov.co/es/-/ia-trabajo-mujeres-gobierno-india,200,text/html;charset=utf-8,primera_consulta,No verificado,No verificado,No,html
ICETEX-SCP-INCLUSION-2026,2026-09-30,https://web.icetex.gov.co/es/-/2026-beca-del-100-servidores-publicos-singapur-inclusivity-in-multicultural-societies,https://web.icetex.gov.co/es/-/2026-beca-del-100-servidores-publicos-singapur-inclusivity-in-multicultural-societies,200,text/html;charset=utf-8,primera_consulta,No verificado,No verificado,No,html
ICETEX-TEC-DPP-2026,2026-09-30,https://web.icetex.gov.co/es/-/2026-becas-del-100-doctorado-en-politica-publica-en-el-instituto-tecnologico-y-de-estudios-superiores-de-monterrey,https://web.icetex.gov.co/es/-/2026-becas-del-100-doctorado-en-politica-publica-en-el-instituto-tecnologico-y-de-estudios-superiores-de-monterrey,200,text/html;charset=utf-8,primera_consulta,No verificado,No verificado,No,html
LUND-GLOBAL-2026,2026-09-30,https://www.lunduniversity.lu.se/study/admission-degree-studies/scholarships-and-awards/lund-university-global-scholarship,https://www.lunduniversity.lu.se/study/admission-degree-studies/scholarships-and-awards/lund-university-global-scholarship,200,text/html; charset=utf-8,primera_consulta,No verificado,2026-02-16,No,html
LUND-KAMPRAD-2026,2026-09-30,https://www.lunduniversity.lu.se/study/admission-degree-studies/scholarships-and-awards/ingvar-kamprad-scholarship,https://www.lunduniversity.lu.se/study/admission-degree-studies/scholarships-and-awards/ingvar-kamprad-scholarship,200,text/html; charset=utf-8,primera_consulta,No verificado,2026-04-13,No,html
MAASTRICHT-NLHP-2027,2026-09-30,https://www.maastrichtuniversity.nl/studeren/toelating-inschrijving/financing-your-studies/scholarships/maastricht-university-nl-high,https://www.maastrichtuniversity.nl/studeren/toelating-inschrijving/financing-your-studies/scholarships/maastricht-university-nl-high,200,text/html; charset=utf-8,primera_consulta,No verificado,2026-10-01; 2027-02-01,Sí,html
MELBOURNE-HUMPHREY-2027,2026-09-30,https://scholarships.unimelb.edu.au/awards/gordon-and-isabel-humphrey-scholarship,https://scholarships.unimelb.edu.au/awards/gordon-and-isabel-humphrey-scholarship,,,error,No verificado,No verificado,Sí,403 Client Error: Forbidden for url: https://scholarships.unimelb.edu.au/awards/gordon-and-isabel-humphrey-scholarship
MEXT-R-2027,2026-09-30,https://www.colombia.emb-japan.go.jp/itpr_es/posgrado.html,https://www.colombia.emb-japan.go.jp/itpr_es/posgrado.html,,,error,No verificado,No verificado,Sí,403 Client Error: Forbidden for url: https://www.colombia.emb-japan.go.jp/itpr_es/posgrado.html
MEXT-U-2027,2026-09-30,https://www.colombia.emb-japan.go.jp/itpr_es/pregrado.html,https://www.colombia.emb-japan.go.jp/itpr_es/pregrado.html,,,error,No verificado,No verificado,Sí,403 Client Error: Forbidden for url: https://www.colombia.emb-japan.go.jp/itpr_es/pregrado.html
MINCIENCIAS-974-PAC-2026,2026-09-30,https://minciencias.gov.co/convocatorias/convocatoria-becas-para-el-cambio-formacion-en-maestrias-y-doctorados-region-pacifico,https://minciencias.gov.co/convocatorias/convocatoria-becas-para-el-cambio-formacion-en-maestrias-y-doctorados-region-pacifico,200,text/html; charset=utf-8,primera_consulta,No verificado,No verificado,No,html
MINCIENCIAS-975-2026,2026-09-30,https://minciencias.gov.co/convocatorias/convocatoria-becas-para-el-cambio-formacion-en-maestrias-y-doctorados,https://minciencias.gov.co/convocatorias/convocatoria-becas-para-el-cambio-formacion-en-maestrias-y-doctorados,200,text/html; charset=utf-8,primera_consulta,No verificado,No verificado,No,html
MOFCOM-CSC-2026,2026-09-30,https://web.icetex.gov.co/-/becas-mofcom-csc-maestrias-doctorados-china,https://web.icetex.gov.co/-/becas-mofcom-csc-maestrias-doctorados-china,200,text/html;charset=utf-8,primera_consulta,No verificado,No verificado,No,html
MONASH-MGS-2027,2026-09-30,https://www.monash.edu/study/fees-scholarships/scholarships/find-a-scholarship/monash-graduate-scholarship-mgs?international=true,https://www.monash.edu/study/fees-scholarships/scholarships/find-a-scholarship/monash-graduate-scholarship-mgs?international=true,,,error,No verificado,No verificado,Sí,403 Client Error: Forbidden for url: https://www.monash.edu/study/fees-scholarships/scholarships/find-a-scholarship/monash-graduate-scholarship-mgs?international=true
NL-SCHOLARSHIP-2026,2026-09-30,https://studyinnl.org/finances/nl-scholarship,https://studyinnl.org/finances/nl-scholarship,200,text/html; charset=utf-8,primera_consulta,No verificado,2025-11-01,Sí,html
SALFORD-ICETEX-2027,2026-09-30,https://web.icetex.gov.co/es/-/descuentos-maestrias-university-salford,https://web.icetex.gov.co/es/-/descuentos-maestrias-university-salford,200,text/html;charset=utf-8,primera_consulta,No verificado,No verificado,No,html
SCIENCESPO-BOUTMY-U-2027,2026-09-30,https://www.sciencespo.fr/students/en/fees-funding/bursaries-financial-aid/emile-boutmy-scholarship/,https://www.sciencespo.fr/students/en/fees-funding/bursaries-financial-aid/emile-boutmy-scholarship/,200,text/html,primera_consulta,No verificado,2027-01-13,No,html
SI-GLOBAL-2026,2026-09-30,https://apply-scholarships.si.se/en_GB/courses/course/1209-tourism-and-sustainable-development,https://apply-scholarships.si.se/courses/search,200,text/html; charset=utf-8,primera_consulta,No verificado,No verificado,No,html
SYDNEY-RTP-2027-R34,2026-09-30,https://www.sydney.edu.au/scholarships/australian-government-research-training-program/rtp-international.html,https://www.sydney.edu.au/scholarships/australian-government-research-training-program/rtp-international.html,,,error,No verificado,No verificado,Sí,"HTTPSConnectionPool(host='www.sydney.edu.au', port=443): Read timed out. (read timeout=25)"
UBC-IS-2027,2026-09-30,https://you.ubc.ca/financial-planning/scholarships-awards-international-students/international-scholars/,https://you.ubc.ca/financial-planning/scholarships-awards-international-students/international-scholars/,,,error,No verificado,No verificado,Sí,"HTTPSConnectionPool(host='you.ubc.ca', port=443): Max retries exceeded with url: /financial-planning/scholarships-awards-international-students/international-scholars/ (Caused by C"
UNIANDES-QUIERO-2027,2026-09-30,https://apoyofinanciero.uniandes.edu.co/quiero-estudiar,https://apoyofinanciero.uniandes.edu.co/quiero-estudiar,200,text/html; charset=utf-8,primera_consulta,No verificado,No verificado,No,html
