"id","nombre","entidad_oferente","pais_entidad","pais_destino","ciudad","universidad","latitud","longitud","nivel","area_conocimiento","cobertura","monto_aproximado_y_moneda","idioma_requerido","nacionalidad_elegible","requisitos_clave","fecha_apertura","fecha_cierre","periodicidad","estado_convocatoria","fecha_consulta_estado","url_oficial","fuente_de_verificacion","fecha_ultima_verificacion","nivel_de_confianza","notas","tipo_financiacion","precision_ubicacion","fechas_sujetas_a_cambio","evidencia_elegibilidad_colombianos"
"CHEVENING-CO-2027","Chevening Scholarships Colombia","Chevening / Gobierno del Reino Unido","Reino Unido","Reino Unido","No verificado","No verificado","No verificado","No verificado","maestría","No verificado","matrícula; manutención; pasaje; seguro","No verificado","No verificado","Colombia","Título de pregrado; 2800 horas de experiencia; retorno por dos años","2026-08-04","2026-10-06","anual","abierta","2026-09-30","https://www.chevening.org/scholarship/colombia/","https://www.chevening.org/scholarships/application-timeline/","2026-09-30","alto","Cierre 11:00 UTC; universidad según admisión.","beca","país","Sí","Fuente oficial dirigida a Colombia"
"FULBRIGHT-JW-2027","J. William Fulbright Program","Comisión Fulbright Colombia","Colombia","Estados Unidos","No verificado","No verificado","No verificado","No verificado","maestría","No verificado","costos universitarios; manutención; pasaje; visa","No verificado","TOEFL iBT mínimo 85","Colombia","Título profesional; promedio mínimo 4.0/5.0; un año de experiencia","No verificado","2026-05-15","anual","cerrada","2026-09-30","https://fulbright.edu.co/portfolio-academico/j-william-fulbright-program/","https://fulbright.edu.co/portfolio-academico/j-william-fulbright-program/","2026-09-30","alto","Página mezcla cohorte 2027 y resultados 2026.","beca","país","Sí","Fuente oficial dirigida a Colombia"
"FULBRIGHT-HUMPHREY-2027","Hubert H. Humphrey Fellowship Program","Comisión Fulbright Colombia","Colombia","Estados Unidos","No verificado","No verificado","No verificado","No verificado","curso corto","No verificado","matrícula; manutención; pasaje; seguro","No verificado","No verificado","Colombia","Residencia en Colombia; título profesional; cinco años de experiencia","No verificado","2026-08-02","anual","cerrada","2026-09-30","https://fulbright.edu.co/portfolio-academico/hubert-h-humphrey-fellowship-program/","https://fulbright.edu.co/portfolio-academico/hubert-h-humphrey-fellowship-program/","2026-09-30","alto","Desarrollo profesional sin título; cohorte 2027.","beca","país","Sí","Fuente oficial dirigida a Colombia"
"FULBRIGHT-VS-2027","Fulbright Visiting Scholar Program","Comisión Fulbright Colombia","Colombia","Estados Unidos","No verificado","No verificado","No verificado","No verificado","postdoctorado","No verificado","manutención; pasaje; seguro","No verificado","No verificado","Colombia","Doctorado finalizado; vínculo con institución colombiana; invitación de anfitrión","2026-08-19","2026-10-12","anual","abierta","2026-09-30","https://fulbright.edu.co/portfolio-academico/fulbright-visiting-scholar-program-2/","https://fulbright.edu.co/portfolio-academico/fulbright-visiting-scholar-program-2/","2026-09-30","alto","Estancia de investigación de hasta seis meses.","beca","país","Sí","Fuente oficial dirigida a Colombia"
"DAAD-EPOS-2026","DAAD EPOS — Development-Related Postgraduate Courses","DAAD","Alemania","Alemania","No verificado","No verificado","No verificado","No verificado","maestría; doctorado","No verificado","manutención; pasaje; seguro; investigación","No verificado","No verificado","Colombia","Título previo; al menos dos años de experiencia; requisitos por curso","No verificado","No verificado","anual","recurrente","2026-09-30","https://www.daad.co/es/becas-2/becas-de-posgrado/maestria/","https://www.daad.co/es/becas-2/becas-de-posgrado/maestria/","2026-09-30","medio","Plazo individual según curso; confirmar en banco DAAD.","beca","país","Sí","Fuente oficial dirigida a Colombia"
"DAAD-COLFUTURO-2026","Convenio DAAD–COLFUTURO","DAAD / COLFUTURO","Alemania; Colombia","Alemania","No verificado","No verificado","No verificado","No verificado","maestría; doctorado","No verificado","manutención parcial; pasaje; seguro; curso de alemán","195 EUR/mes maestría; 485 EUR/mes doctorado","No verificado","Colombia","Postular al Crédito Beca COLFUTURO y marcar convenio DAAD","No verificado","2026-03-02","anual","cerrada","2026-09-30","https://www.daad.co/files/2026/02/DAAD_COLFUTURO_Convocatoria-2026-1.pdf","https://www.daad.co/files/2026/02/DAAD_COLFUTURO_Convocatoria-2026-1.pdf","2026-09-30","alto","Complemento del crédito-beca; condiciones propias.","crédito-beca","país","Sí","Fuente oficial dirigida a Colombia"
"EIFFEL-2026","France Excellence Eiffel","Ministerio para Europa y de Asuntos Exteriores de Francia","Francia","Francia","No verificado","No verificado","No verificado","No verificado","maestría; doctorado","No verificado","manutención; otros beneficios según términos","1200 EUR/mes maestría; 2100 EUR/mes doctorado","No verificado","Colombia","La candidatura la presenta una institución francesa; límites de edad","2025-10-01","2026-01-08","anual","cerrada","2026-09-30","https://www.colombie.campusfrance.org/el-programa-de-becas-de-francia-excelencia-eiffel","https://www.colombie.campusfrance.org/el-programa-de-becas-de-francia-excelencia-eiffel","2026-09-30","alto","Cierre para instituciones; plazo de candidato varía. Página aún dice abierta.","beca","país","Sí","Fuente oficial dirigida a Colombia"
"GKS-U-2026","Global Korea Scholarship — pregrado","Gobierno de Corea / NIIED","Corea del Sur","Corea del Sur","No verificado","No verificado","No verificado","No verificado","pregrado","No verificado","No verificado","No verificado","No verificado","Colombia","Seguir guía GKS-U y postular por Embajada en Colombia","No verificado","2025-10-17","anual","cerrada","2026-09-30","https://overseas.mofa.go.kr/co-es/brd/m_6687/view.do?seq=760696","https://overseas.mofa.go.kr/co-es/brd/m_6687/view.do?seq=760696","2026-09-30","alto","Cohorte académica 2026; plazo colombiano revisado.","beca","país","Sí","Fuente oficial dirigida a Colombia"
"GKS-G-2026","Global Korea Scholarship — posgrado","Gobierno de Corea / NIIED","Corea del Sur","Corea del Sur","No verificado","No verificado","No verificado","No verificado","maestría; doctorado","No verificado","matrícula; manutención; pasaje; curso de coreano","No verificado","No verificado","Colombia","No verificado","No verificado","2026-02-25","anual","cerrada","2026-09-30","https://overseas.mofa.go.kr/co-es/brd/m_6687/list.do","https://overseas.mofa.go.kr/co-es/brd/m_6687/list.do","2026-09-30","medio","Aviso colombiano en listado; enlace individual no recuperado.","beca","país","Sí","Fuente oficial dirigida a Colombia"
"MEXT-U-2027","MEXT — pregrado","MEXT / Embajada del Japón en Colombia","Japón","Japón","No verificado","No verificado","No verificado","No verificado","pregrado","No verificado","matrícula; manutención; pasaje","117000 JPY/mes; sujeto a cambio fiscal","No verificado","Colombia","No verificado","No verificado","2026-06-01","anual","cerrada","2026-09-30","https://www.colombia.emb-japan.go.jp/itpr_es/pregrado.html","https://www.colombia.emb-japan.go.jp/itpr_es/pregrado.html","2026-09-30","alto","Página aún dice abierta pese al cierre publicado.","beca","país","Sí","Fuente oficial dirigida a Colombia"
"MEXT-R-2027","MEXT — posgrado e investigación","MEXT / Embajada del Japón en Colombia","Japón","Japón","No verificado","No verificado","No verificado","No verificado","maestría; doctorado","No verificado","matrícula; manutención; pasaje","143000–145000 JPY/mes según modalidad; sujeto a cambio fiscal","Conocimientos previos de japonés; exámenes de idioma","Colombia","Título profesional o maestría; plan de investigación","No verificado","2026-06-01","anual","cerrada","2026-09-30","https://www.colombia.emb-japan.go.jp/itpr_es/posgrado.html","https://www.colombia.emb-japan.go.jp/itpr_es/posgrado.html","2026-09-30","alto","Página aún dice abierta pese al cierre publicado.","beca","país","Sí","Fuente oficial dirigida a Colombia"
"COLFUTURO-PCB-2027","Programa Crédito Beca COLFUTURO","COLFUTURO","Colombia","Varios","No verificado","No verificado","No verificado","No verificado","maestría; doctorado","No verificado","No verificado","No verificado","No verificado","Colombia","Título de pregrado; programa de interés; segundo idioma al legalizar","2027-01-04","2027-03-04","anual","recurrente","2026-09-30","https://www.colfuturo.org/programas/credito-beca/convocatoria","https://www.colfuturo.org/programas/credito-beca/convocatoria","2026-09-30","alto","Edición 2026 cerrada; calendario 2027 anunciado.","crédito-beca","sin ubicación única","Sí","Fuente oficial dirigida a Colombia"
"MINCIENCIAS-975-M-2026","Becas para el Cambio 975 — maestría nacional","Minciencias","Colombia","Colombia","No verificado","No verificado","No verificado","No verificado","maestría","No verificado","No verificado","No verificado","No verificado","Colombia","Profesional colombiano; primer semestre o admisión; registro calificado","2026-03-13","2026-04-28","No verificado","cerrada","2026-09-30","https://minciencias.gov.co/convocatorias/convocatoria-becas-para-el-cambio-formacion-en-maestrias-y-doctorados","https://minciencias.gov.co/convocatorias/convocatoria-becas-para-el-cambio-formacion-en-maestrias-y-doctorados","2026-09-30","alto","Modalidad 1; misma convocatoria 975 que modalidad 2.","beca","país","Sí","Fuente oficial dirigida a Colombia"
"MINCIENCIAS-975-D-2026","Becas para el Cambio 975 — doctorado nacional","Minciencias","Colombia","Colombia","No verificado","No verificado","No verificado","No verificado","doctorado","No verificado","No verificado","No verificado","No verificado","Colombia","Profesional colombiano; primer año o admisión; registro calificado","2026-03-13","2026-04-28","No verificado","cerrada","2026-09-30","https://minciencias.gov.co/convocatorias/convocatoria-becas-para-el-cambio-formacion-en-maestrias-y-doctorados","https://minciencias.gov.co/convocatorias/convocatoria-becas-para-el-cambio-formacion-en-maestrias-y-doctorados","2026-09-30","alto","Modalidad 2; misma convocatoria 975 que modalidad 1.","beca","país","Sí","Fuente oficial dirigida a Colombia"
"MINCIENCIAS-974-PAC-2026","Becas para el Cambio 974 — Región Pacífico","Minciencias","Colombia","Colombia","No verificado","No verificado","No verificado","No verificado","maestría; doctorado","No verificado","No verificado","No verificado","No verificado","Colombia","Profesional colombiano nacido en municipio elegible del Pacífico","2026-02-17","2026-03-24","No verificado","cerrada","2026-09-30","https://minciencias.gov.co/convocatorias/convocatoria-becas-para-el-cambio-formacion-en-maestrias-y-doctorados-region-pacifico","https://minciencias.gov.co/convocatorias/convocatoria-becas-para-el-cambio-formacion-en-maestrias-y-doctorados-region-pacifico","2026-09-30","alto","Convocatoria territorial distinta de 975.","beca","país","Sí","Fuente oficial dirigida a Colombia"
"ICETEX-CEDEU-URJC-2026","Máster en Negocios Digitales CEDEU–URJC","CEDEU / Universidad Rey Juan Carlos","España","España","Madrid","CEDEU / Universidad Rey Juan Carlos","No verificado","No verificado","maestría","Negocios digitales","85 % de matrícula","85 % de matrícula","Español","Colombia","Profesional colombiano residente en Colombia; admisión; promedio 4.0/5.0; 18 meses de experiencia","2026-09-17","2026-10-08","No verificado","abierta","2026-09-30","https://web.icetex.gov.co/es/-/2026-becas-85-maestria-negocios-digitales-urjc","https://web.icetex.gov.co/es/-/2026-becas-85-maestria-negocios-digitales-urjc","2026-09-30","alto","Cuatro becas; viaje y manutención excluidos.","beca","ciudad","Sí","Fuente oficial dirigida a Colombia"
"ICETEX-ITEC-AI-2026","ITEC — AI in the Workplace (Women)","Gobierno de India / ITEC","India","India","Mohali","Centre for Development of Advanced Computing Mohali","No verificado","No verificado","curso corto","Inteligencia artificial","No verificado","No verificado","Inglés","Colombia","Mujeres profesionales colombianas residentes en Colombia","2026-08-31","2026-10-16","No verificado","abierta","2026-09-30","https://web.icetex.gov.co/es/-/ia-trabajo-mujeres-gobierno-india","https://web.icetex.gov.co/es/-/ia-trabajo-mujeres-gobierno-india","2026-09-30","alto","Curso presencial de 14 días; cobertura aún por verificar.","beca","ciudad","Sí","Fuente oficial dirigida a Colombia"
"ICETEX-SCP-INCLUSION-2026","SCP — Inclusivity in Multicultural Societies","Gobierno de Singapur / SCP","Singapur","Singapur","Singapur","No verificado","No verificado","No verificado","curso corto","Inclusión social","matrícula; alojamiento; viáticos","130 SGD/día en viáticos","Inglés","Colombia","Servidor público colombiano; postulación por ICETEX y SCP","2026-08-21","2026-11-19","No verificado","abierta","2026-09-30","https://web.icetex.gov.co/es/-/2026-beca-del-100-servidores-publicos-singapur-inclusivity-in-multicultural-societies","https://web.icetex.gov.co/es/-/2026-beca-del-100-servidores-publicos-singapur-inclusivity-in-multicultural-societies","2026-09-30","alto","Una beca; curso de cinco días.","beca","ciudad","Sí","Fuente oficial dirigida a Colombia"
"ICETEX-AGCID-M-2027","AGCID — maestrías en Chile","AGCID","Chile","Chile","No verificado","No verificado","No verificado","No verificado","maestría","Diferentes áreas","No verificado","No verificado","Español","Colombia","Profesional colombiano; admisión a programa elegible","2026-08-12","2026-10-09","No verificado","abierta","2026-09-30","https://web.icetex.gov.co/es/-/becas-maestria-chile-agcid-2027","https://web.icetex.gov.co/es/-/becas-maestria-chile-agcid-2027","2026-09-30","alto","Universidad y ciudad según selección.","beca","país","Sí","Fuente oficial dirigida a Colombia"
"ICETEX-TEC-DPP-2026","Tec de Monterrey — Doctorado en Política Pública","Tecnológico de Monterrey","México","México","Monterrey","Tecnológico de Monterrey","No verificado","No verificado","doctorado","Política pública","100 % de matrícula","100 % de matrícula","Español/inglés","Colombia","Admisión definitiva; cédula colombiana; documentos de residencia","2026-06-24","2026-10-02","No verificado","abierta","2026-09-30","https://web.icetex.gov.co/es/-/2026-becas-del-100-doctorado-en-politica-publica-en-el-instituto-tecnologico-y-de-estudios-superiores-de-monterrey","https://web.icetex.gov.co/es/-/2026-becas-del-100-doctorado-en-politica-publica-en-el-instituto-tecnologico-y-de-estudios-superiores-de-monterrey","2026-09-30","alto","Dos becas; manutención no confirmada.","beca","ciudad","Sí","Fuente oficial dirigida a Colombia"
